{"dance and electronica": {"precision": 0.17647058823529413, "recall": 0.125, "f1-score": 0.14634146341463414, "support": 24}, "jazz and blues": {"precision": 0.0, "recall": 0.0, "f1-score": 0.0, "support": 9}, "punk": {"precision": 0.25, "recall": 0.3333333333333333, "f1-score": 0.28571428571428575, "support": 9}, "metal": {"precision": 0.45454545454545453, "recall": 0.5555555555555556, "f1-score": 0.5, "support": 9}, "classic pop and rock": {"precision": 0.47058823529411764, "recall": 0.45714285714285713, "f1-score": 0.46376811594202894, "support": 70}, "classical": {"precision": 0.2, "recall": 0.25, "f1-score": 0.22222222222222224, "support": 4}, "folk": {"precision": 0.4594594594594595, "recall": 0.3333333333333333, "f1-score": 0.38636363636363635, "support": 51}, "soul and reggae": {"precision": 0.038461538461538464, "recall": 0.06666666666666667, "f1-score": 0.04878048780487805, "support": 15}, "pop": {"precision": 0.0, "recall": 0.0, "f1-score": 0.0, "support": 7}, "hip-hop": {"precision": 0.0, "recall": 0.0, "f1-score": 0.0, "support": 2}, "accuracy": 0.31}