genre,precision,recall,f1-score,numberclassified
dance and electronica,0.25,0.3,0.2727272727272727,12
jazz and blues,0.5,0.25,0.3333333333333333,10
punk,0.25,0.09090909090909091,0.13333333333333333,4
metal,1.0,0.3333333333333333,0.5,3
classic pop and rock,0.4954954954954955,0.6790123456790124,0.5729166666666666,111
classical,0.6,0.375,0.4615384615384615,5
folk,0.42,0.525,0.4666666666666666,50
soul and reggae,0.0,0.0,0.0,4
pop,0.0,0.0,0.0,1
hip-hop,0.0,0.0,0.0,0
