{"dance and electronica": {"precision": 0.45454545454545453, "recall": 0.20833333333333334, "f1-score": 0.28571428571428575, "support": 24}, "jazz and blues": {"precision": 0.14285714285714285, "recall": 0.1111111111111111, "f1-score": 0.125, "support": 9}, "punk": {"precision": 0.6, "recall": 0.3333333333333333, "f1-score": 0.42857142857142855, "support": 9}, "metal": {"precision": 0.6666666666666666, "recall": 0.4444444444444444, "f1-score": 0.5333333333333333, "support": 9}, "classic pop and rock": {"precision": 0.4186046511627907, "recall": 0.7714285714285715, "f1-score": 0.542713567839196, "support": 70}, "classical": {"precision": 0.25, "recall": 0.25, "f1-score": 0.25, "support": 4}, "folk": {"precision": 0.5161290322580645, "recall": 0.3137254901960784, "f1-score": 0.3902439024390244, "support": 51}, "soul and reggae": {"precision": 0.0, "recall": 0.0, "f1-score": 0.0, "support": 15}, "pop": {"precision": 0.0, "recall": 0.0, "f1-score": 0.0, "support": 7}, "hip-hop": {"precision": 0.0, "recall": 0.0, "f1-score": 0.0, "support": 2}, "accuracy": 0.42}